,count,mean,std,min,25%,50%,75%,max
RoA (ib/at),1134.0,-0.3382414017833174,0.4489961953625113,-2.217628956623681,-0.5172362062846217,-0.22557009081828683,-0.013904584081633569,0.2660266999382956
R&D Intensity (xrd/at),1134.0,0.09798023866523983,0.1340031491190804,0.0,0.0001700387940151367,0.04896563011354066,0.1348733128283669,0.692832136378563
Firm Size (log assets),1134.0,3.5996784274694,1.680737902990081,-1.1208578976154293,2.506985305439959,3.387760650746675,4.337665428762523,10.81975828421028
Leverage (dltt/at),1134.0,0.07559720967815306,0.12208182135300949,0.0,0.0,0.013653885218088743,0.10139329744618066,0.5901994601044145
CAPX Intensity (capx/at),1134.0,0.027660246187649007,0.05204978114766865,0.0,0.0013120130064291596,0.008493667674833831,0.02647787467925208,0.31125386037744757
Cash Ratio (che/at),1134.0,0.3518437972002488,0.2631932412845633,0.0011040794440723763,0.12700287473502708,0.2990308669337905,0.5385736385908766,0.949066338694339
